Actual_Label,Predicted_Label,Predicted_Probability
0,0,8.658961e-05
0,0,6.412754e-05
0,0,0.00011647035
0,0,6.844943e-05
0,0,0.00017919276
0,0,4.6084086e-05
0,0,7.369324e-05
0,0,4.8569953e-05
1,1,0.9995521
1,1,0.99948525
0,0,5.065776e-05
0,0,5.3195574e-05
0,0,5.245221e-05
0,0,8.199521e-05
0,0,0.0003553883
0,0,0.00035723991
0,0,7.246072e-05
0,0,5.9338214e-05
0,0,7.613696e-05
1,1,0.99985075
0,0,0.00024634556
0,0,5.6282835e-05
0,0,7.1253846e-05
0,0,6.803743e-05
0,0,8.23501e-05
0,0,2.7146185e-05
0,0,6.214584e-05
0,0,0.00026164917
0,0,5.6282835e-05
0,0,8.357897e-05
0,0,0.000388454
0,0,8.077838e-05
0,0,0.00012492348
0,0,6.803743e-05
0,0,0.00017705212
0,0,0.0002628075
0,0,6.803743e-05
0,0,0.0031998053
0,0,0.00014253131
0,0,5.029045e-05
0,0,5.584619e-05
0,0,7.9281024e-05
0,0,2.9751656e-05
0,0,5.3195574e-05
0,0,4.9834576e-05
0,0,5.245221e-05
0,0,6.319604e-05
0,0,9.072009e-05
0,0,4.9915052e-05
0,0,5.9252656e-05
1,1,0.99949825
0,0,4.93632e-05
0,0,0.0001003257
0,0,9.279361e-05
0,0,0.0002820427
0,0,9.7280106e-05
0,0,6.803743e-05
0,0,6.362349e-05
0,0,3.4722652e-05
1,1,0.9994961
0,0,0.0004313734
0,0,0.00052277814
0,0,6.0991806e-05
1,1,0.9998498
0,0,0.00015310082
0,0,0.00036608404
0,0,0.005112492
0,0,2.6655744e-05
1,1,0.999816
0,0,0.00014407442
1,1,0.9996332
0,0,5.3195574e-05
0,0,5.065776e-05
0,0,6.145883e-05
0,0,4.9915052e-05
0,0,6.412754e-05
0,0,6.803743e-05
0,0,0.00013340093
0,0,6.803743e-05
0,0,2.5603014e-05
0,0,4.1089803e-05
0,0,6.56284e-05
0,0,7.551468e-05
0,0,2.8829667e-05
1,1,0.9998498
0,0,5.474228e-05
0,0,7.71645e-05
0,0,9.496613e-05
0,0,5.801753e-05
0,0,0.0002071992
0,0,5.3195574e-05
0,0,8.376208e-05
0,0,8.388574e-05
1,1,0.9995264
0,0,8.011573e-05
0,0,5.065776e-05
0,0,7.758167e-05
0,0,0.03797803
0,0,3.5672645e-05
0,0,0.00053453667
0,0,0.00025717533
0,0,7.369324e-05
0,0,0.00022801374
0,0,0.00051988405
0,0,3.035754e-05
0,0,5.6282835e-05
0,0,5.3551248e-05
0,0,0.00029452326
0,0,0.00010679414
0,0,6.0797855e-05
0,0,8.58575e-05
0,0,4.7424026e-05
0,0,3.697521e-05
0,0,4.813187e-05
0,0,2.8896276e-05
0,0,5.213068e-05
1,1,0.9994031
0,0,6.844943e-05
0,0,0.0001197306
0,0,7.385075e-05
0,0,5.2877494e-05
0,0,5.196317e-05
0,0,0.00032587763
0,0,0.00066605455
0,0,0.0001610627
0,0,8.878978e-05
1,1,0.99959105
1,1,0.999816
0,0,7.031553e-05
1,1,0.999551
0,0,3.1727213e-05
0,0,4.6084086e-05
0,0,7.1253846e-05
0,0,6.831725e-05
0,0,8.8572364e-05
0,0,4.9834576e-05
0,0,5.3195574e-05
0,0,7.8484205e-05
0,0,6.803743e-05
1,1,0.9998498
0,0,2.4524972e-05
0,0,0.00025175262
0,0,0.00021781174
0,0,0.003935129
0,0,0.00014406261
0,0,5.213068e-05
0,0,4.7424026e-05
1,1,0.999551
0,0,0.00037119872
1,1,0.998955
0,0,5.196317e-05
0,0,5.7593683e-05
0,0,5.2038195e-05
0,0,0.00034813018
0,0,5.917044e-05
0,0,2.9660408e-05
0,0,5.404112e-05
0,0,5.245221e-05
0,0,4.9915052e-05
0,0,9.0167945e-05
0,0,3.3522672e-05
0,0,4.842653e-05
0,0,0.00019502224
0,0,7.71645e-05
0,0,5.5712575e-05
0,0,3.1913867e-05
1,1,0.999816
0,0,0.00032786926
0,0,4.2264783e-05
0,0,6.56284e-05
0,0,4.9915052e-05
1,1,0.9998498
0,0,5.065776e-05
0,0,0.0001966861
0,0,0.000111563684
0,0,0.00037603301
0,0,6.319604e-05
1,1,0.9996126
0,0,0.0026590747
0,0,5.2038195e-05
0,0,3.697521e-05
0,0,5.6282835e-05
0,0,4.6084086e-05
1,1,0.99885404
0,0,0.0003663869
0,0,8.6020744e-05
0,0,3.2110256e-05
0,0,4.408931e-05
0,0,3.3956327e-05
0,0,6.319604e-05
0,0,6.903646e-05
0,0,0.008047898
0,0,0.00048177506
0,0,0.0004915152
0,0,8.2220395e-05
0,0,4.8569953e-05
0,0,2.3951268e-05
0,0,4.9915052e-05
0,0,0.00042503973
0,0,5.3195574e-05
0,0,3.2455304e-05
1,1,0.9989549
0,0,3.1980195e-05
0,0,5.589191e-05
1,1,0.99985075
0,0,0.00022943341
0,0,6.319604e-05
0,0,0.0006598048
0,0,0.00036346845
0,0,0.00021791935
0,0,0.00058585365
0,0,2.7119455e-05
0,0,0.00026633844
0,0,0.00034813018
0,0,6.803743e-05
0,0,6.770869e-05
0,0,4.9915052e-05
0,0,0.00033666255
0,0,3.9687155e-05
0,0,5.196317e-05
0,0,0.00036346845
0,0,5.3977306e-05
1,1,0.999551
0,0,5.245221e-05
0,0,4.666229e-05
0,0,7.031553e-05
1,1,0.9996517
0,0,6.412754e-05
0,0,0.0009830353
0,0,4.7526348e-05
0,0,9.496613e-05
0,0,6.8846595e-05
0,0,4.3834207e-05
0,0,3.0142164e-05
0,0,4.9915052e-05
0,0,6.844943e-05
0,0,4.9915052e-05
0,0,5.5712575e-05
0,0,4.6084086e-05
0,0,5.3195574e-05
0,0,5.6282835e-05
0,0,0.0013531059
0,0,4.9834576e-05
0,0,4.9915052e-05
0,0,6.948863e-05
0,0,6.412754e-05
0,0,0.000114157214
0,0,6.844943e-05
0,0,8.1420505e-05
0,0,0.00045859194
0,0,0.00019770727
0,0,4.7424026e-05
1,1,0.9995521
1,1,0.999816
0,0,5.3195574e-05
0,0,0.0003321977
1,1,0.9998498
0,0,6.0613704e-05
0,0,0.00011653712
0,0,5.9339793e-05
0,0,3.6457775e-05
0,0,0.00026495632
0,0,7.1253846e-05
0,0,6.803743e-05
0,0,0.0006477766
0,0,7.1253846e-05
0,0,0.00028561623
0,0,5.029045e-05
0,0,3.9829145e-05
0,0,4.6769794e-05
0,0,6.524868e-05
0,0,3.779337e-05
0,0,5.963069e-05
0,0,7.71645e-05
0,0,0.00015835844
0,0,3.8341674e-05
0,0,6.542451e-05
0,0,8.550299e-05
0,0,4.1516847e-05
0,0,4.6084086e-05
0,0,5.5219924e-05
0,0,5.196317e-05
0,0,6.545303e-05
0,0,0.00024305806
0,0,0.00027823224
0,0,7.3718125e-05
0,0,5.245221e-05
0,0,6.844943e-05
0,0,2.7366994e-05
0,0,2.4891011e-05
0,0,9.0167945e-05
1,1,0.9998472
0,0,7.1772876e-05
0,0,4.7526348e-05
1,1,0.999551
0,0,4.8915732e-05
0,0,3.1913867e-05
0,0,4.2859476e-05
0,0,5.0353032e-05
0,0,5.3195574e-05
0,0,0.00044124975
0,0,9.641055e-05
0,0,2.4493558e-05
0,0,6.56284e-05
0,0,4.9834576e-05
0,0,5.404112e-05
0,0,0.00010115375
1,1,0.999816
0,0,0.000103310864
0,0,0.00011288023
0,0,9.202679e-05
1,1,0.97567683
0,0,6.67775e-05
0,0,0.0002196252
0,0,4.9284085e-05
0,0,4.5361347e-05
0,0,8.11636e-05
1,1,0.9998472
0,0,0.0001750849
0,0,8.284877e-05
0,0,5.196317e-05
0,0,5.5712575e-05
0,0,0.00047415437
0,0,7.71645e-05
0,0,6.0613704e-05
0,0,0.0004204253
0,0,0.00021566649
1,1,0.9996964
1,1,0.99878055
0,0,4.9834576e-05
0,0,9.6928154e-05
0,0,0.0059905685
0,0,5.245221e-05
0,0,4.0399704e-05
0,0,7.3441384e-05
0,0,0.00042503973
0,0,0.0007050779
1,1,0.9995264
1,1,0.9784535
0,0,0.00675906
0,0,6.319604e-05
0,0,7.2317205e-05
0,0,2.5498968e-05
0,0,0.0001109691
0,0,3.696904e-05
0,0,0.0005852116
0,0,4.2833246e-05
0,0,0.0005867679
0,0,5.3195574e-05
0,0,5.2038195e-05
0,0,5.3195574e-05
0,0,4.842653e-05
0,0,0.00021716766
0,0,6.803743e-05
0,0,4.7369515e-05
0,0,6.911663e-05
0,0,9.766324e-05
0,0,6.844943e-05
0,0,3.5553367e-05
0,0,3.469571e-05
0,0,0.010606881
0,0,5.2548894e-05
0,0,7.601363e-05
0,0,4.9915052e-05
0,0,5.584619e-05
0,0,9.3397015e-05
0,0,7.758167e-05
0,0,0.0024089897
0,0,4.7526348e-05
0,0,8.23501e-05
0,0,5.2038195e-05
0,0,5.245221e-05
1,1,0.999154
0,0,4.812967e-05
0,0,0.00039455266
0,0,0.00012290219
0,0,0.00011871732
0,0,4.6769794e-05
0,0,4.9539336e-05
1,1,0.999551
0,0,2.855231e-05
1,1,0.99956495
0,0,5.9338214e-05
0,0,6.56284e-05
1,1,0.999816
0,0,4.6484063e-05
0,0,4.6084086e-05
0,0,0.004056832
0,0,5.029045e-05
0,0,4.893164e-05
0,0,3.145817e-05
0,0,5.3195574e-05
0,0,3.444328e-05
1,1,0.999551
0,0,5.404112e-05
0,0,7.501357e-05
0,0,0.00033666255
0,0,4.6084086e-05
0,0,5.5712575e-05
0,0,8.718915e-05
0,0,9.674633e-05
0,0,4.842653e-05
0,0,4.9915052e-05
0,0,8.6465756e-05
0,0,5.5712575e-05
0,0,0.01289407
0,0,6.508171e-05
1,1,0.99985075
0,0,9.496613e-05
0,0,4.5477773e-05
0,0,6.319604e-05
0,0,5.5712575e-05
0,0,0.00011198939
0,0,0.0002719645
0,0,2.6643722e-05
0,0,0.00024408732
0,0,5.404112e-05
0,0,0.00012616465
0,0,7.501357e-05
0,0,3.2110256e-05
0,0,3.3222434e-05
0,0,0.00021338259
0,0,5.3195574e-05
0,0,4.2833246e-05
1,1,0.9894042
1,1,0.999816
1,1,0.9998498
0,0,3.745888e-05
0,0,4.6769794e-05
0,0,6.5785236e-05
0,0,9.766324e-05
0,0,4.257108e-05
0,0,0.0001003257
0,0,0.00030434653
0,0,5.245221e-05
0,0,3.415287e-05
0,0,5.2038195e-05
0,0,5.245221e-05
0,0,2.6185273e-05
0,0,4.9915052e-05
0,0,0.0003578992
0,0,5.245221e-05
0,0,6.319604e-05
0,0,5.245221e-05
1,1,0.9992778
1,1,0.99931765
0,0,2.844276e-05
1,1,0.99982363
0,0,4.7424026e-05
0,0,5.2038195e-05
0,0,7.501357e-05
0,0,6.435151e-05
0,0,0.00021294315
1,1,0.99958247
0,0,3.7226553e-05
0,0,6.803743e-05
0,0,5.474228e-05
0,0,7.206119e-05
0,0,6.803743e-05
0,0,7.691626e-05
1,1,0.99985075
0,0,0.000105162784
0,0,4.6769794e-05
0,0,7.369324e-05
0,0,5.196317e-05
0,0,5.5712575e-05
0,0,5.065776e-05
1,1,0.999551
1,1,0.99956495
0,0,5.545042e-05
0,0,0.00053701707
0,0,0.00012370017
0,0,4.112771e-05
0,0,6.319604e-05
0,0,5.245221e-05
0,0,0.00023552106
0,0,5.2038195e-05
0,0,5.2038195e-05
0,0,9.299452e-05
0,0,0.00010925377
0,0,0.0002596566
0,0,8.878978e-05
0,0,5.3195574e-05
0,0,8.033775e-05
0,0,5.213068e-05
0,0,0.00011348202
0,0,0.0006464712
0,0,0.000999706
0,0,0.00016631084
0,0,0.0004459071
0,0,0.0004503259
0,0,3.1701536e-05
0,0,0.0021849046
0,0,0.0039453204
1,1,0.98152494
0,0,7.61607e-05
0,0,0.00080856885
0,0,0.0038199516
0,0,0.00040222213
0,0,5.1477204e-05
0,0,5.2038195e-05
0,0,0.0013403874
0,0,3.5490702e-05
0,0,0.00054625905
0,0,5.3195574e-05
0,0,0.00037943883
0,0,6.844943e-05
0,0,6.56284e-05
0,0,0.0004148811
0,0,3.7389003e-05
0,0,2.8337388e-05
0,0,6.5785236e-05
0,0,5.2038195e-05
0,0,3.1860713e-05
1,1,0.9983582
0,0,5.4500433e-05
1,1,0.9995142
0,0,5.3330783e-05
0,0,5.6282835e-05
0,0,8.077838e-05
0,0,6.844943e-05
0,0,5.065776e-05
1,1,0.99982625
0,0,7.0491835e-05
0,0,0.0011278436
0,0,0.000108665285
0,0,6.5785236e-05
0,0,5.3195574e-05
0,0,0.00013202675
1,1,0.99920803
0,0,0.00013607746
0,0,4.6084086e-05
0,0,4.2510714e-05
0,0,5.3195574e-05
1,1,0.9688937
1,1,0.9992932
0,0,0.00045095218
0,0,6.319604e-05
0,0,5.065776e-05
0,0,5.5712575e-05
1,1,0.9998472
0,0,6.0150007e-05
0,0,0.0006074017
0,0,6.412754e-05
0,0,2.696974e-05
0,0,0.00057603826
1,1,0.9998498
0,0,0.0003542666
0,0,7.065611e-05
0,0,0.0007850466
1,1,0.8383791
0,0,7.103139e-05
0,0,6.803743e-05
1,1,0.9993673
0,0,4.058308e-05
0,0,4.9915052e-05
0,0,4.7424026e-05
0,0,4.6084086e-05
0,0,0.00019034962
0,0,0.00027688342
0,0,7.106906e-05
1,1,0.99954295
0,0,0.00030859862
0,0,5.245221e-05
0,0,7.065611e-05
1,1,0.9995621
0,0,6.319604e-05
0,0,4.9915052e-05
0,0,6.362349e-05
0,0,8.357897e-05
0,0,0.0001506905
0,0,7.065611e-05
0,0,0.00013973797
0,0,0.00021789814
0,0,4.6084086e-05
0,0,4.842653e-05
1,1,0.9998498
0,0,2.378758e-05
0,0,6.844943e-05
0,0,2.7803067e-05
0,0,4.9915052e-05
0,0,7.1253846e-05
0,0,0.05396157
1,1,0.999551
0,0,6.803743e-05
0,0,9.530798e-05
0,0,0.00035723991
0,0,5.2038195e-05
0,0,7.621112e-05
0,0,5.2038195e-05
0,0,7.206119e-05
0,0,6.319604e-05
0,0,4.9915052e-05
0,0,6.6590736e-05
0,0,6.56284e-05
0,0,4.842653e-05
0,0,5.1477204e-05
1,1,0.99985075
0,0,2.9390809e-05
1,1,0.9994286
0,0,3.779337e-05
0,0,7.789658e-05
0,0,6.844943e-05
0,0,9.7198325e-05
0,0,5.3971133e-05
0,0,0.0004074661
0,0,7.369324e-05
0,0,7.400888e-05
1,1,0.9991115
0,0,5.297395e-05
0,0,3.189169e-05
0,0,5.136638e-05
0,0,5.3195574e-05
1,1,0.9998498
0,0,3.6593203e-05
0,0,5.5712575e-05
0,0,6.5785236e-05
0,0,8.077838e-05
1,1,0.999816
0,0,2.8896276e-05
0,0,4.6084086e-05
0,0,4.842653e-05
0,0,4.842653e-05
0,0,6.319604e-05
0,0,4.7533646e-05
0,0,0.00033666255
0,0,6.803743e-05
1,1,0.9995264
0,0,5.9252656e-05
0,0,4.9915052e-05
0,0,2.9208433e-05
0,0,0.00036196373
0,0,8.878978e-05
0,0,3.0750572e-05
0,0,0.019840272
0,0,5.196317e-05
0,0,4.7526348e-05
0,0,0.000108665285
0,0,2.8348877e-05
0,0,0.00017019958
0,0,5.245221e-05
0,0,6.524868e-05
0,0,4.9915052e-05
0,0,0.00021215827
1,1,0.9998165
0,0,5.2038195e-05
0,0,8.013445e-05
0,0,5.3195574e-05
0,0,0.00035182392
0,0,5.297395e-05
0,0,2.9208433e-05
0,0,0.0009099273
0,0,4.785785e-05
0,0,5.9252656e-05
0,0,6.5785236e-05
1,1,0.999551
0,0,7.479935e-05
0,0,5.196317e-05
0,0,5.404112e-05
0,0,0.00037943883
0,0,8.8572364e-05
0,0,8.388574e-05
0,0,4.6769794e-05
0,0,5.2038195e-05
0,0,0.00017910975
1,1,0.9998498
0,0,5.3195574e-05
0,0,0.00024394468
0,0,0.00062696484
0,0,5.245221e-05
0,0,5.7332458e-05
0,0,4.9915052e-05
0,0,0.009369596
0,0,0.00011070677
0,0,5.2038195e-05
0,0,0.00018340924
0,0,8.170642e-05
0,0,5.9338214e-05
0,0,4.842653e-05
0,0,0.00021791935
0,0,0.00021532067
0,0,0.0004107657
0,0,4.6084086e-05
0,0,7.691626e-05
0,0,4.9915052e-05
0,0,5.5712575e-05
0,0,0.0005211545
1,1,0.933122
0,0,8.1792015e-05
0,0,0.00052833965
1,1,0.9995223
0,0,0.00014313002
0,0,5.065776e-05
0,0,5.308758e-05
0,0,5.245221e-05
0,0,5.065776e-05
0,0,5.3195574e-05
1,1,0.999551
0,0,0.0005547876
0,0,0.00036761933
0,0,2.8829667e-05
0,0,0.00010263765
0,0,3.3819237e-05
0,0,8.636168e-05
0,0,7.184355e-05
0,0,9.850069e-05
0,0,4.6769794e-05
0,0,4.6084086e-05
0,0,6.803743e-05
1,1,0.9993482
0,0,6.294668e-05
0,0,5.065776e-05
0,0,5.4193468e-05
0,0,0.00044273582
0,0,4.0342762e-05
0,0,0.0012216701
0,0,6.319604e-05
0,0,5.2038195e-05
0,0,2.8506167e-05
0,0,3.86454e-05
0,0,4.006996e-05
0,0,5.404112e-05
0,0,6.2934436e-05
0,0,4.7424026e-05
0,0,2.6274522e-05
0,0,0.0006765085
0,0,0.00012113022
0,0,0.0002719645
0,0,0.00011766389
0,0,6.353061e-05
0,0,5.5712575e-05
0,0,4.4527136e-05
0,0,7.1253846e-05
0,0,0.00026596693
0,0,3.6292175e-05
1,1,0.9994572
0,0,0.00028561623
0,0,2.9208433e-05
0,0,9.684565e-05
0,0,0.0005345996
0,0,0.002691773
0,0,4.5709214e-05
0,0,5.396321e-05
0,0,5.9338214e-05
0,0,0.0004319462
0,0,5.1477204e-05
1,1,0.9997693
0,0,7.0877395e-05
0,0,6.803743e-05
0,0,9.451532e-05
0,0,0.0004115865
0,0,6.803743e-05
0,0,5.2038195e-05
0,0,2.9208433e-05
0,0,5.2038195e-05
1,1,0.9995264
0,0,6.948863e-05
0,0,5.396321e-05
0,0,6.319604e-05
1,1,0.99985075
0,0,5.9252656e-05
0,0,3.1128115e-05
0,0,2.8795432e-05
0,0,0.00035723991
0,0,5.404112e-05
0,0,4.3462787e-05
0,0,7.246072e-05
0,0,4.6084086e-05
0,0,6.412754e-05
0,0,8.357897e-05
1,1,0.9061781
0,0,8.682715e-05
0,0,5.245221e-05
1,1,0.9994511
1,1,0.9998472
0,0,4.9915052e-05
0,0,5.3195574e-05
0,0,6.108022e-05
0,0,6.803743e-05
0,0,0.0003261894
0,0,0.00011003772
0,0,0.00084123755
0,0,0.0031429199
0,0,6.803743e-05
0,0,5.245221e-05
0,0,3.4562887e-05
0,0,4.6084086e-05
0,0,5.9338214e-05
0,0,4.798947e-05
0,0,5.7634446e-05
0,0,5.245221e-05
0,0,0.00022642704
0,0,6.803743e-05
0,0,4.4468918e-05
0,0,6.8328845e-05
0,0,6.56284e-05
0,0,0.00040301256
0,0,5.3551248e-05
1,1,0.9998472
0,0,7.71645e-05
0,0,3.1703654e-05
0,0,6.319604e-05
0,0,0.00013642306
0,0,5.196317e-05
0,0,3.4611967e-05
0,0,0.0013536047
0,0,0.000103629354
0,0,6.803743e-05
0,0,4.9834576e-05
0,0,2.5423356e-05
0,0,5.2038195e-05
0,0,5.6282835e-05
0,0,4.9355625e-05
1,1,0.9992526
0,0,8.9114736e-05
0,0,0.00025178454
0,0,0.00035723991
0,0,9.505892e-05
0,0,6.844943e-05
0,0,5.3551248e-05
0,0,3.1128115e-05
0,0,3.290479e-05
1,1,0.99953103
0,0,5.3195574e-05
0,0,7.1253846e-05
0,0,6.319604e-05
0,0,8.677551e-05
0,0,5.3195574e-05
0,0,3.2557233e-05
0,0,7.61607e-05
1,1,0.9998498
0,0,5.3195574e-05
0,0,0.0001317095
0,0,4.0276336e-05
0,0,4.9915052e-05
0,0,6.508171e-05
0,0,6.844943e-05
0,0,8.077838e-05
0,0,5.2038195e-05
0,0,6.803743e-05
0,0,3.9525123e-05
0,0,4.6084086e-05
0,0,2.3501218e-05
0,0,5.136638e-05
0,0,6.803743e-05
0,0,0.00029448592
0,0,0.0035585333
0,0,7.400888e-05
0,0,5.9223396e-05
0,0,0.00033666255
0,0,6.803743e-05
0,0,0.0003376416
0,0,0.0003544485
0,0,5.3195574e-05
0,0,8.878046e-05
1,1,0.99985075
0,0,0.00019449243
0,0,8.1792015e-05
0,0,4.9355625e-05
0,0,3.433519e-05
0,0,7.71645e-05
0,0,4.7526348e-05
0,0,4.9915052e-05
0,0,9.6501055e-05
0,0,6.319604e-05
0,0,4.9915052e-05
0,0,0.00013027966
0,0,0.0002468885
0,0,6.803743e-05
0,0,0.00029966177
0,0,4.9915052e-05
0,0,8.8807654e-05
0,0,3.1253134e-05
0,0,0.002015087
0,0,3.5527883e-05
1,1,0.9995407
0,0,5.245221e-05
0,0,4.876576e-05
0,0,7.369324e-05
0,0,0.0002719645
0,0,8.6860025e-05
0,0,0.0004967696
0,0,0.00026164917
0,0,0.00035748267
0,0,8.58575e-05
0,0,3.5238438e-05
0,0,6.844943e-05
1,1,0.9995956
0,0,7.400888e-05
0,0,7.9586214e-05
0,0,6.7387075e-05
0,0,0.00042497859
0,0,6.770869e-05
0,0,7.551468e-05
0,0,0.00043990643
0,0,6.319604e-05
0,0,0.0006315949
0,0,0.000521824
0,0,0.0003544485
0,0,5.245221e-05
0,0,5.2038195e-05
0,0,5.5219924e-05
0,0,3.6018922e-05
0,0,9.0167945e-05
1,1,0.999154
0,0,5.2038195e-05
0,0,6.803743e-05
0,0,0.0026253536
0,0,2.9751656e-05
0,0,6.0000257e-05
0,0,3.5541096e-05
0,0,0.00014706151
0,0,2.8619264e-05
0,0,8.6020744e-05
0,0,7.71645e-05
0,0,0.00021653475
0,0,6.803743e-05
1,1,0.9995117
0,0,4.5100212e-05
0,0,6.0797855e-05
0,0,7.206119e-05
0,0,9.0167945e-05
0,0,5.196317e-05
0,0,0.00020654513
0,0,0.0007015333
0,0,6.803743e-05
0,0,9.9269186e-05
1,1,0.99947304
0,0,5.3195574e-05
0,0,0.00026883042
0,0,4.6084086e-05
0,0,5.5712575e-05
0,0,0.00012375598
0,0,2.542806e-05
0,0,5.245221e-05
0,0,4.842653e-05
0,0,2.450323e-05
0,0,4.785785e-05
0,0,0.00014968589
0,0,0.000112838046
0,0,7.369324e-05
0,0,5.196317e-05
0,0,6.319604e-05
0,0,6.1363375e-05
0,0,4.842653e-05
1,1,0.99922824
0,0,0.00035716995
0,0,8.1792015e-05
0,0,0.0003076988
0,0,6.844943e-05
0,0,0.00031974542
0,0,6.547457e-05
0,0,0.00061521586
0,0,4.842653e-05
0,0,2.8696357e-05
0,0,3.5576366e-05
0,0,6.386488e-05
0,0,6.613445e-05
0,0,6.503654e-05
0,0,4.9915052e-05
0,0,0.00020675379
0,0,7.369324e-05
0,0,6.948863e-05
0,0,5.136638e-05
0,0,8.2475366e-05
0,0,8.357897e-05
0,0,6.803743e-05
0,0,6.412754e-05
0,0,6.803743e-05
0,0,0.0009333396
1,1,0.9998472
0,0,7.184355e-05
0,0,0.000111169385
0,0,0.00019770727
0,0,8.4747815e-05
1,1,0.9998498
0,0,2.8189737e-05
0,0,0.0005898519
0,0,5.3195574e-05
0,0,0.0007508726
0,0,5.065776e-05
0,0,6.797678e-05
0,0,5.584928e-05
0,0,3.554469e-05
0,0,2.2194119e-05
0,0,4.842653e-05
1,1,0.9998498
1,0,0.02497752
0,0,9.815302e-05
0,0,7.336914e-05
0,0,0.0003887287
0,0,5.396321e-05
0,0,0.0015714983
1,1,0.9995521
0,0,7.630151e-05
1,1,0.99961287
0,0,5.245221e-05
0,0,0.002043917
0,0,8.485117e-05
0,0,4.68008e-05
0,0,6.319604e-05
1,1,0.9992932
0,0,2.4424748e-05
0,0,2.5580464e-05
0,0,5.136638e-05
0,0,6.545303e-05
0,0,5.245221e-05
0,0,5.245221e-05
0,0,0.0014025277
1,1,0.9998472
0,0,0.00016373083
0,0,0.00017671176
0,0,5.2038195e-05
0,0,6.56284e-05
1,1,0.9998498
0,0,0.00075448654
0,0,9.451532e-05
0,0,4.6084086e-05
0,0,0.00029333285
0,0,0.00016117484
0,0,0.000147306
0,0,6.319604e-05
0,0,5.3195574e-05
0,0,0.018450163
0,0,0.0004820615
0,0,5.3551248e-05
0,0,0.0005704744
1,1,0.999816
0,0,0.004542676
0,0,0.00012899998
0,0,0.00018166545
1,1,0.99985075
0,0,5.029045e-05
0,0,0.00042571998
0,0,7.369324e-05
0,0,5.196317e-05
0,0,0.00025042446
0,0,5.2038195e-05
0,0,0.00016182546
0,0,5.5219924e-05
0,0,0.0016956354
1,1,0.9942344
0,0,4.9915052e-05
0,0,4.9915052e-05
0,0,7.1253846e-05
0,0,7.3441384e-05
0,0,5.3195574e-05
0,0,3.6593203e-05
0,0,4.0399704e-05
0,0,9.055103e-05
0,0,0.001837213
0,0,5.1477204e-05
0,0,7.369324e-05
0,0,7.71645e-05
0,0,6.844943e-05
1,1,0.99985075
0,0,5.2038195e-05
0,0,5.6282835e-05
0,0,0.00022618557
0,0,0.00031333134
0,0,3.5248755e-05
0,0,7.369324e-05
0,0,3.0656436e-05
0,0,0.00033666255
0,0,2.5752608e-05
0,0,5.4437063e-05
0,0,0.000605778
0,0,8.1416394e-05
0,0,0.0003544485
0,0,0.00020654513
1,1,0.999154
1,1,0.9994103
1,1,0.9994103
0,0,0.0004319462
0,0,4.842653e-05
0,0,0.00023611398
0,0,3.9680872e-05
0,0,5.2038195e-05
0,0,7.287178e-05
0,0,5.3551248e-05
0,0,4.842653e-05
0,0,0.000105162784
0,0,5.245221e-05
0,0,5.3195574e-05
0,0,5.5219924e-05
0,0,7.369324e-05
0,0,5.404112e-05
0,0,4.7424026e-05
0,0,8.58575e-05
0,0,0.00039478726
0,0,0.00022449341
1,1,0.97342235
0,0,0.00010116418
0,0,2.9208433e-05
0,0,7.990927e-05
0,0,3.0693118e-05
0,0,0.00021789814
0,0,5.3318276e-05
1,1,0.9998498
0,0,5.029045e-05
0,0,0.00041882085
0,0,5.5712575e-05
0,0,5.245221e-05
0,0,4.6084086e-05
1,1,0.9994572
0,0,5.4500433e-05
1,1,0.98914146
0,0,5.3195574e-05
0,0,0.0003417139
0,0,8.262541e-05
0,0,0.0004412767
0,0,4.5058045e-05
0,0,0.00022423007
0,0,5.196317e-05
1,1,0.99985075
0,0,4.578691e-05
0,0,0.0004957989
0,0,9.6501055e-05
0,0,0.0005522475
0,0,3.0750572e-05
0,0,2.8626086e-05
1,1,0.999154
0,0,6.803743e-05
0,0,0.002366429
0,0,6.319604e-05
0,0,9.766324e-05
0,0,0.00016392984
1,1,0.9995498
0,0,3.1893454e-05
0,0,6.7058536e-05
1,1,0.9996897
0,0,4.006996e-05
0,0,0.0001254365
0,0,5.245221e-05
0,0,9.0167945e-05
0,0,6.797678e-05
0,0,0.00012616465
0,0,7.369324e-05
0,0,0.00053117186
0,0,0.0005131843
0,0,2.7911563e-05
0,0,6.671334e-05
0,0,5.245221e-05
0,0,6.319604e-05
0,0,6.803743e-05
0,0,3.2046166e-05
0,0,5.396321e-05
0,0,3.6593203e-05
0,0,4.6084086e-05
0,0,4.812967e-05
0,0,5.245221e-05
0,0,5.245221e-05
0,0,5.6282835e-05
0,0,0.00042860868
0,0,4.257108e-05
0,0,6.5785236e-05
1,1,0.99985075
0,0,5.396321e-05
1,1,0.9992932
0,0,2.9855e-05
0,0,0.0003424867
0,0,8.376208e-05
0,0,7.065611e-05
0,0,5.196317e-05
1,1,0.99956375
0,0,0.00013148526
0,0,5.2038195e-05
0,0,4.9915052e-05
0,0,5.1477204e-05
1,1,0.7144816
0,0,4.0889587e-05
0,0,7.369324e-05
0,0,4.6769794e-05
0,0,0.007311273
0,0,3.384353e-05
0,0,5.196317e-05
0,0,7.9418896e-05
0,0,4.7526348e-05
0,0,5.245221e-05
0,0,6.412754e-05
0,0,4.578691e-05
0,0,0.00012522988
0,0,3.4527802e-05
0,0,6.5785236e-05
1,1,0.9995521
0,0,3.327859e-05
0,0,6.803743e-05
0,0,7.164309e-05
0,0,0.00017284263
1,1,0.999551
0,0,0.00015197012
0,0,5.2038195e-05
0,0,0.00024640546
0,0,4.6084086e-05
0,0,0.00019849776
1,1,0.99985075
0,0,4.1424977e-05
0,0,7.620429e-05
0,0,0.0021125176
0,0,6.319604e-05
0,0,6.803743e-05
0,0,4.9918814e-05
0,0,3.4562887e-05
1,1,0.9769934
0,0,8.58575e-05
0,0,7.369324e-05
0,0,5.2548894e-05
0,0,3.733189e-05
0,0,5.4193468e-05
0,0,5.2038195e-05
0,0,0.0004319462
0,0,0.0003456288
0,0,5.6282835e-05
0,0,0.00016762748
0,0,4.9915052e-05
0,0,0.00016762748
0,0,5.6133555e-05
0,0,7.184355e-05
0,0,0.00043189226
0,0,3.5541096e-05
0,0,0.00036346845
0,0,5.6282835e-05
0,0,3.3157703e-05
0,0,8.11636e-05
1,1,0.99954116
0,0,0.0011747165
1,1,0.9998472
0,0,0.00044462102
0,0,0.00032587763
0,0,0.00032633092
0,0,6.319604e-05
0,0,0.00024342263
0,0,7.13053e-05
0,0,4.6084086e-05
1,1,0.99954116
0,0,3.53047e-05
0,0,7.241513e-05
0,0,6.6713474e-05
1,1,0.9996126
1,1,0.9996068
0,0,4.9915052e-05
0,0,6.319604e-05
1,1,0.99956495
0,0,6.565244e-05
0,0,7.369324e-05
0,0,5.993815e-05
0,0,4.842653e-05
0,0,2.9656365e-05
0,0,6.5785236e-05
1,1,0.99985075
0,0,4.6084086e-05
0,0,6.5785236e-05
0,0,5.196317e-05
0,0,3.0450843e-05
0,0,6.8328845e-05
0,0,6.844943e-05
0,0,3.4624576e-05
0,0,3.9227496e-05
0,0,5.133181e-05
0,0,0.00028464003
0,0,6.844943e-05
0,0,0.00019466014
0,0,4.6471385e-05
0,0,3.1701536e-05
0,0,5.396321e-05
0,0,4.6084086e-05
0,0,0.00023503696
0,0,4.6769794e-05
0,0,0.0003706879
0,0,0.0004148811
0,0,4.6084086e-05
0,0,0.00036346845
1,1,0.98963577
0,0,6.319604e-05
0,0,5.2038195e-05
0,0,6.797678e-05
0,0,0.0016808977
0,0,5.5712575e-05
0,0,2.285926e-05
0,0,4.9915052e-05
0,0,5.3195574e-05
0,0,6.319604e-05
0,0,0.00010717293
0,0,8.011573e-05
0,0,2.8896276e-05
0,0,4.2510714e-05
0,0,0.0002946592
0,0,0.00054213015
0,0,7.9748184e-05
0,0,5.2038195e-05
0,0,5.3551248e-05
0,0,7.869847e-05
0,0,5.3195574e-05
0,0,5.196317e-05
0,0,5.404112e-05
0,0,0.00013907638
0,0,0.0006267796
1,1,0.99985075
0,0,5.196317e-05
0,0,5.245221e-05
0,0,6.319604e-05
0,0,4.006996e-05
1,1,0.9998472
0,0,6.508171e-05
0,0,6.948863e-05
0,0,4.785785e-05
0,0,6.508171e-05
1,1,0.9995479
0,0,5.3195574e-05
1,1,0.9894153
0,0,6.8328845e-05
1,1,0.99982625
0,0,5.029045e-05
0,0,0.00010383183
0,0,4.7107253e-05
0,0,2.9208433e-05
0,0,6.5785236e-05
0,0,2.8475575e-05
0,0,5.9338214e-05
0,0,0.00019476764
0,0,6.844943e-05
0,0,3.771204e-05
0,0,0.00020875626
0,0,0.00029966177
0,0,6.088564e-05
0,0,5.196317e-05
0,0,6.844943e-05
0,0,0.000110025765
0,0,7.5702286e-05
0,0,0.00033666255
0,0,6.6195156e-05
0,0,0.00016182546
0,0,5.2038195e-05
0,0,6.5785236e-05
0,0,5.3195574e-05
0,0,3.9553437e-05
0,0,6.770869e-05
0,0,5.1858515e-05
0,0,5.3195574e-05
0,0,6.412754e-05
0,0,5.3195574e-05
0,0,7.119313e-05
0,0,6.542451e-05
0,0,5.245221e-05
0,0,4.9915052e-05
0,0,4.785785e-05
0,0,0.0004875949
0,0,6.803743e-05
0,0,8.485117e-05
0,0,6.292309e-05
0,0,0.01173065
0,0,0.0004067299
0,0,6.5785236e-05
0,0,6.928959e-05
0,0,0.00036770417
0,0,0.0004319462
0,0,0.00025506088
0,0,8.357897e-05
0,0,6.803743e-05
0,0,0.00038216327
0,0,6.5785236e-05
0,0,5.3551248e-05
0,0,4.5774555e-05
0,0,8.878978e-05
0,0,5.4500433e-05
0,0,0.00012216282
0,0,5.1477204e-05
0,0,5.1477204e-05
0,0,8.357897e-05
0,0,3.0062587e-05
0,0,5.2038195e-05
0,0,4.9915052e-05
0,0,3.0655297e-05
0,0,5.1477204e-05
1,1,0.999551
0,0,7.369324e-05
0,0,6.319604e-05
0,0,5.1477204e-05
1,1,0.99954116
0,0,2.509506e-05
0,0,3.1767e-05
0,0,5.608508e-05
0,0,2.5999498e-05
0,0,2.9680667e-05
0,0,6.1979415e-05
0,0,0.00013750639
0,0,3.0889034e-05
0,0,9.0167945e-05
0,0,3.2929966e-05
0,0,3.6330573e-05
0,0,5.404112e-05
0,0,3.58182e-05
0,0,4.6084086e-05
0,0,4.9915052e-05
0,0,0.00044383298
0,0,0.0018586073
0,0,4.6084086e-05
0,0,0.00025718586
0,0,6.5785236e-05
0,0,7.369324e-05
0,0,6.484407e-05
0,0,5.065776e-05
0,0,0.00035851146
0,0,3.0450843e-05
0,0,7.5607415e-05
0,0,0.00032587763
0,0,8.1792015e-05
0,0,2.9569948e-05
1,1,0.9998472
0,0,5.2038195e-05
0,0,9.66004e-05
0,0,5.0450024e-05
0,0,4.728589e-05
0,0,7.065611e-05
0,0,4.6769794e-05
0,0,0.00042503973
0,0,5.136638e-05
1,1,0.98678374
0,0,6.803743e-05
0,0,0.0006864579
0,0,6.803743e-05
0,0,5.196317e-05
0,0,7.184355e-05
0,0,6.803743e-05
0,0,0.0009159309
0,0,4.6084086e-05
0,0,0.00021288835
0,0,7.400888e-05
0,0,5.2038195e-05
0,0,5.2038195e-05
0,0,8.460038e-05
0,0,0.00035836454
0,0,4.9915052e-05
0,0,0.0003672825
0,0,0.0004606641
0,0,0.0003075935
0,0,5.245221e-05
0,0,4.9915052e-05
0,0,0.000114240844
0,0,6.2293635e-05
0,0,7.3441384e-05
0,0,3.271337e-05
0,0,5.335332e-05
1,1,0.9995264
0,0,9.0167945e-05
0,0,3.9879127e-05
0,0,0.00031007055
0,0,7.5670025e-05
0,0,5.2038195e-05
0,0,0.00035257018
0,0,0.00011420327
0,0,4.9915052e-05
0,0,4.6084086e-05
0,0,4.6769794e-05
0,0,0.004202898
0,0,0.00034391452
0,0,3.2110256e-05
0,0,5.9697373e-05
1,1,0.999551
0,0,2.660759e-05
1,1,0.99953437
0,0,2.9474228e-05
0,0,4.785785e-05
1,1,0.9956306
1,1,0.9918453
0,0,0.0004638322
0,0,0.0004074661
0,0,2.8084634e-05
0,0,3.1552212e-05
0,0,4.7568832e-05
0,0,2.6110889e-05
0,0,5.136638e-05
0,0,6.803743e-05
0,0,3.300133e-05
0,0,5.196317e-05
0,0,5.2038195e-05
0,0,5.065776e-05
0,0,4.785785e-05
0,0,0.00036346845
0,0,5.6282835e-05
0,0,5.3195574e-05
0,0,0.0023660306
0,0,0.000136393
0,0,5.404112e-05
1,1,0.9995621
0,0,0.00012816282
0,0,6.797678e-05
0,0,5.2038195e-05
0,0,0.00039441258
0,0,0.0003663869
0,0,0.00035723991
0,0,0.0003040994
1,1,0.9998498
0,0,4.9915052e-05
1,1,0.999816
0,0,3.317159e-05
0,0,0.00026811552
0,0,4.6769794e-05
0,0,3.697521e-05
0,0,6.803743e-05
0,0,2.5252064e-05
0,0,0.00014014696
0,0,4.9915052e-05
0,0,0.00012216282
0,0,8.298398e-05
0,0,0.00039833877
0,0,0.0002742755
0,0,7.71645e-05
0,0,0.0005974097
0,0,0.0006929309
0,0,8.170642e-05
0,0,4.842653e-05
0,0,3.697521e-05
0,0,5.404112e-05
0,0,3.130429e-05
1,1,0.9992526
0,0,4.785785e-05
0,0,9.0167945e-05
0,0,0.00031817937
1,1,0.9998498
0,0,5.245221e-05
0,0,5.2038195e-05
0,0,6.844943e-05
0,0,5.2548894e-05
0,0,0.00021338259
0,0,6.56284e-05
0,0,5.065776e-05
0,0,0.0001060053
0,0,6.319604e-05
0,0,8.2475606e-05
1,1,0.999551
0,0,5.396321e-05
0,0,0.00027380206
0,0,5.3195574e-05
0,0,6.803743e-05
0,0,8.763469e-05
0,0,7.71645e-05
0,0,9.766324e-05
0,0,4.7261587e-05
0,0,3.395082e-05
0,0,0.00019810259
0,0,0.0029783724
0,0,5.0521616e-05
0,0,4.3957818e-05
0,0,4.6084086e-05
0,0,2.6725535e-05
0,0,5.4500433e-05
0,0,0.00046661939
0,0,0.0018193498
0,0,6.867991e-05
1,1,0.9998498
0,0,6.4578715e-05
0,0,5.196317e-05
0,0,2.8506167e-05
0,0,6.0403265e-05
0,0,5.4500433e-05
0,0,7.501357e-05
0,0,0.0004154938
0,0,4.6084086e-05
0,0,4.4281744e-05
0,0,5.5712575e-05
0,0,0.00039665497
0,0,0.0085930955
0,0,5.029045e-05
0,0,3.530568e-05
0,0,6.844943e-05
0,0,0.00065491535
0,0,0.008857534
0,0,4.6769794e-05
0,0,3.723607e-05
0,0,6.803743e-05
1,1,0.99985075
0,0,5.065776e-05
1,1,0.999551
0,0,0.0007117616
0,0,0.00026633844
0,0,0.000108665285
0,0,0.00047153514
0,0,5.245221e-05
0,0,0.00017328685
0,0,3.5394034e-05
0,0,6.0613704e-05
0,0,4.842653e-05
0,0,7.3441384e-05
0,0,5.196317e-05
0,0,7.369324e-05
1,1,0.9998498
1,1,0.999551
0,0,0.000627418
0,0,0.00031817937
0,0,3.694641e-05
1,1,0.999134
0,0,7.1253846e-05
0,0,3.647596e-05
0,0,0.0016230505
0,0,6.803743e-05
0,0,0.00011555063
0,0,4.9915052e-05
0,0,4.9915052e-05
0,0,5.5712575e-05
0,0,5.2038195e-05
0,0,0.00024119577
0,0,0.00036828406
0,0,0.0007229552
1,1,0.99956495
0,0,4.6769794e-05
0,0,5.9554593e-05
0,0,2.9208433e-05
0,0,0.00025717533
0,0,4.6769794e-05
0,0,7.0593145e-05
0,0,5.3195574e-05
0,0,0.00012702402
0,0,5.5822657e-05
0,0,9.315073e-05
0,0,3.1790845e-05
0,0,6.5785236e-05
1,1,0.99985075
0,0,5.2548894e-05
0,0,0.0014832775
0,0,0.00032587763
0,0,0.001972652
0,0,5.3551248e-05
1,1,0.9998498
0,0,4.9915052e-05
0,0,5.065776e-05
0,0,7.125106e-05
0,0,0.0005124716
0,0,8.253894e-05
0,0,0.0004143631
0,0,0.00044441957
1,1,0.98326194
0,0,7.842114e-05
0,0,4.821015e-05
0,0,7.758167e-05
0,0,5.3195574e-05
0,0,4.842653e-05
0,0,0.00035890116
0,0,6.844943e-05
0,0,5.1477204e-05
0,0,6.844943e-05
0,0,5.6282835e-05
0,0,0.00020654513
0,0,7.6992284e-05
0,0,4.842653e-05
0,0,0.00012500212
0,0,5.993815e-05
0,0,4.842653e-05
0,0,3.0708812e-05
1,1,0.9998472
0,0,4.9915052e-05
0,0,5.3977306e-05
0,0,0.00016183936
1,1,0.9995834
0,0,0.00037547582
0,0,0.00019760794
0,0,5.245221e-05
0,0,5.6282835e-05
0,0,0.0023209588
0,0,4.8659378e-05
1,1,0.9995253
0,0,3.6593203e-05
0,0,4.0903746e-05
0,0,0.0023176675
0,0,8.11636e-05
0,0,0.00022514419
0,0,5.2038195e-05
0,0,0.0002308846
0,0,0.00020203464
0,0,4.9915052e-05
0,0,0.00038309637
0,0,2.6807678e-05
0,0,5.2038195e-05
0,0,0.0005367233
0,0,2.507738e-05
0,0,6.545303e-05
0,0,5.3195574e-05
1,1,0.99985075
0,0,6.844943e-05
0,0,0.0004664826
0,0,5.5823883e-05
1,1,0.9995956
0,0,0.0012850582
0,0,0.0028826308
0,0,4.976486e-05
0,0,6.803743e-05
1,1,0.9995521
0,0,0.00011024715
0,0,5.1114195e-05
1,1,0.9998472
0,0,9.509736e-05
0,0,5.382008e-05
0,0,0.0007107909
0,0,0.0004319462
0,0,0.0002498366
0,0,4.6084086e-05
0,0,5.2038195e-05
0,0,2.2212052e-05
0,0,0.0005053027
0,0,5.2038195e-05
0,0,0.001858105
0,0,0.00014100553
0,0,4.634291e-05
0,0,9.226642e-05
0,0,0.00045721568
0,0,8.038626e-05
1,1,0.9998498
0,0,5.048121e-05
0,0,0.00012530561
0,0,3.2974716e-05
0,0,7.369324e-05
0,0,0.0005746169
0,0,4.842653e-05
0,0,0.00018133837
1,1,0.99985075
0,0,0.00041561123
0,0,3.6998877e-05
0,0,5.5219924e-05
0,0,3.554469e-05
0,0,0.00014330591
0,0,0.0003303281
1,1,0.9996111
0,0,7.758167e-05
0,0,0.00021791935
0,0,6.5785236e-05
1,1,0.97586346
0,0,6.614462e-05
0,0,5.7750585e-05
0,0,5.3195574e-05
0,0,5.7332458e-05
0,0,0.0001236464
0,0,5.196317e-05
0,0,9.299452e-05
0,0,0.000108665285
0,0,0.000111996436
0,0,8.878978e-05
0,0,6.803743e-05
0,0,0.00017319781
0,0,6.5785236e-05
0,0,6.5785236e-05
0,0,8.9001536e-05
0,0,7.804313e-05
1,1,0.99954116
0,0,5.3195574e-05
0,0,4.9834576e-05
0,0,7.1253846e-05
0,0,0.00048861594
0,0,5.029045e-05
0,0,2.7432448e-05
0,0,3.2974716e-05
0,0,9.7957876e-05
0,0,4.9915052e-05
0,0,5.196317e-05
0,0,0.00016394064
0,0,7.031553e-05
0,0,4.6769794e-05
0,0,9.226642e-05
0,0,6.613445e-05
0,0,5.2038195e-05
0,0,5.7332458e-05
0,0,0.00019166217
0,0,3.0656436e-05
0,0,0.00030772548
0,0,5.7332458e-05
0,0,6.5785236e-05
0,0,0.00024878167
0,0,9.055423e-05
0,0,5.4500433e-05
0,0,7.369324e-05
0,0,5.065776e-05
0,0,0.0005314088
0,0,3.407034e-05
0,0,3.1278418e-05
0,0,0.0002288778
1,1,0.999154
0,0,9.085887e-05
0,0,0.0002784026
0,0,6.319604e-05
0,0,0.00014417268
0,0,7.6992284e-05
0,0,4.842653e-05
0,0,0.0005634852
1,1,0.9998498
0,0,0.00012515324
0,0,4.6084086e-05
0,0,4.42408e-05
0,0,8.357897e-05
0,0,0.00034386554
0,0,6.542451e-05
0,0,0.00033666255
0,0,7.6244054e-05
0,0,0.0036096931
0,0,5.1477204e-05
0,0,4.9355625e-05
0,0,0.002440844
0,0,5.065776e-05
0,0,7.369324e-05
0,0,0.0001032305
0,0,4.6769794e-05
0,0,7.1253846e-05
0,0,7.1253846e-05
0,0,0.00023503696
0,0,0.00033852423
0,0,0.0004111322
0,0,8.485117e-05
1,1,0.9998498
0,0,4.3157524e-05
1,1,0.9994572
0,0,0.00022897361
0,0,6.5785236e-05
1,1,0.9947403
0,0,5.2038195e-05
0,0,6.844943e-05
0,0,0.003590935
0,0,4.9834576e-05
0,0,3.8849594e-05
0,0,5.3195574e-05
0,0,6.2934436e-05
0,0,3.1766238e-05
0,0,5.1477204e-05
1,1,0.9998498
0,0,4.6084086e-05
0,0,3.498333e-05
0,0,4.6084086e-05
1,1,0.999551
0,0,0.0004319462
0,0,4.5477773e-05
0,0,7.8484205e-05
0,0,6.319604e-05
0,0,0.0007847696
0,0,0.0007521058
0,0,5.3971133e-05
0,0,0.0011289794
0,0,6.844943e-05
0,0,7.71645e-05
1,1,0.99907315
0,0,5.4500433e-05
0,0,4.6084086e-05
0,0,2.9284718e-05
1,1,0.85706383
0,0,5.9338214e-05
1,1,0.99982244
0,0,0.00027220184
0,0,3.697521e-05
0,0,6.319604e-05
0,0,7.9281024e-05
0,0,3.6292175e-05
0,0,6.8912406e-05
0,0,7.551468e-05
0,0,3.6998877e-05
0,0,5.9996306e-05
0,0,6.844943e-05
0,0,4.6769794e-05
0,0,7.758167e-05
0,0,4.9915052e-05
0,0,6.844943e-05
0,0,7.365291e-05
0,0,5.6282835e-05
0,0,8.077838e-05
0,0,3.5541096e-05
0,0,4.7424026e-05
1,1,0.9998498
0,0,6.803743e-05
0,0,5.3195574e-05
0,0,0.00012911738
0,0,5.404112e-05
0,0,0.00015079988
0,0,5.458282e-05
0,0,0.00015126621
0,0,4.9284085e-05
0,0,0.0022324242
0,0,5.196317e-05
0,0,4.8998976e-05
0,0,5.1477204e-05
1,1,0.9994103
0,0,3.8797352e-05
0,0,5.065776e-05
0,0,5.5712575e-05
0,0,6.803743e-05
0,0,5.9252656e-05
0,0,3.6593203e-05
0,0,4.9915052e-05
0,0,7.758167e-05
0,0,7.1253846e-05
1,1,0.9998498
0,0,5.3195574e-05
0,0,0.0003524067
0,0,8.301548e-05
0,0,5.2038195e-05
1,1,0.999816
0,0,6.545303e-05
0,0,5.065776e-05
0,0,9.1400165e-05
0,0,0.00011288023
0,0,7.691626e-05
0,0,2.6643722e-05
0,0,7.369324e-05
1,1,0.99955195
0,0,0.00040482116
0,0,3.9287697e-05
0,0,5.2038195e-05
0,0,4.7214246e-05
1,1,0.99954116
0,0,2.696665e-05
0,0,9.799011e-05
0,0,6.844943e-05
0,0,6.803743e-05
0,0,0.00030245853
0,0,3.769201e-05
0,0,0.00018294726
0,0,6.319604e-05
0,0,5.3195574e-05
0,0,2.7911563e-05
0,0,6.412754e-05
0,0,5.3195574e-05
0,0,6.844943e-05
0,0,7.551468e-05
0,0,0.0014147749
0,0,6.319604e-05
1,1,0.9995956
0,0,0.00043117173
0,0,0.00010868973
1,1,0.9991659
0,0,0.001227463
0,0,7.71645e-05
0,0,3.1727213e-05
0,0,4.948008e-05
0,0,4.842653e-05
0,0,0.00018166563
0,0,6.319604e-05
0,0,4.7526348e-05
0,0,7.551468e-05
0,0,5.1477204e-05
0,0,5.5712575e-05
0,0,0.00026633844
1,1,0.9984376
0,0,5.0961753e-05
0,0,4.9915052e-05
0,0,7.241513e-05
0,0,3.0693118e-05
0,0,5.5712575e-05
0,0,5.5928587e-05
0,0,0.00012715066
0,0,7.551468e-05
0,0,6.844943e-05
0,0,5.4500433e-05
0,0,5.3195574e-05
1,1,0.99956495
0,0,0.00013667878
0,0,4.0853145e-05
0,0,8.1792015e-05
0,0,4.785785e-05
0,0,5.2038195e-05
0,0,5.474228e-05
0,0,0.00018275251
0,0,4.9915052e-05
0,0,4.7424026e-05
0,0,6.6713474e-05
0,0,0.00010928972
0,0,4.842653e-05
0,0,2.4506688e-05
0,0,5.9338214e-05
0,0,5.3195574e-05
0,0,7.369324e-05
1,1,0.9993298
0,0,2.5672402e-05
0,0,3.6859557e-05
0,0,5.6282835e-05
1,1,0.99955755
0,0,5.5712575e-05
0,0,8.232458e-05
0,0,5.065776e-05
0,0,0.00033666255
1,1,0.9591636
0,0,5.2038195e-05
0,0,6.797678e-05
0,0,7.1253846e-05
0,0,0.00018060466
1,1,0.99913967
0,0,6.844943e-05
0,0,5.1216753e-05
0,0,0.00015379289
0,0,6.319604e-05
0,0,6.993776e-05
0,0,5.245221e-05
0,0,2.9658344e-05
0,0,7.6490345e-05
0,0,5.396321e-05
0,0,5.2038195e-05
0,0,0.00039384302
0,0,7.6490345e-05
0,0,6.803743e-05
0,0,0.00042551488
0,0,3.9838113e-05
0,0,0.0033536858
0,0,6.803743e-05
0,0,2.8169181e-05
0,0,0.00014329607
0,0,0.0004689211
0,0,0.00035723991
0,0,5.029045e-05
0,0,7.369324e-05
0,0,4.785785e-05
0,0,5.196317e-05
0,0,0.0002468885
0,0,0.00017050952
0,0,9.451532e-05
0,0,0.000147306
1,1,0.99955195
0,0,4.812967e-05
0,0,4.257108e-05
0,0,2.5123052e-05
0,0,4.6084086e-05
0,0,0.00013623651
0,0,0.0003321977
0,0,4.8908223e-05
0,0,0.00036431054
1,1,0.999551
0,0,0.00035182392
0,0,2.7010354e-05
1,1,0.99952734
0,0,0.000108665285
0,0,0.00020991551
0,0,0.00037391734
0,0,5.474228e-05
0,0,3.2110256e-05
0,0,8.257492e-05
0,0,8.388574e-05
0,0,0.0003076988
0,0,7.61607e-05
0,0,6.803743e-05
0,0,3.1912623e-05
1,1,0.99985075
0,0,0.00023172994
0,0,0.00033666255
0,0,0.0002468885
0,0,4.6769794e-05
0,0,2.4924839e-05
0,0,5.9338214e-05
0,0,4.876576e-05
0,0,5.6282835e-05
0,0,4.6476125e-05
0,0,6.844943e-05
0,0,6.0351333e-05
0,0,9.4905125e-05
0,0,6.844943e-05
0,0,4.6769794e-05
0,0,2.8896276e-05
0,0,6.803743e-05
0,0,9.299452e-05
0,0,2.2786367e-05
0,0,5.3195574e-05
0,0,0.00058484165
0,0,6.319604e-05
0,0,2.696665e-05
0,0,4.9915052e-05
0,0,7.7041055e-05
0,0,0.00046809332
0,0,0.00022465701
0,0,7.0491835e-05
0,0,0.00013101756
0,0,4.842653e-05
0,0,5.3195574e-05
1,1,0.9998498
0,0,5.245221e-05
0,0,3.58182e-05
0,0,9.885685e-05
0,0,9.418253e-05
0,0,6.844943e-05
0,0,3.1320054e-05
0,0,5.245221e-05
0,0,9.496613e-05
0,0,4.842653e-05
0,0,7.369324e-05
0,0,0.0001506905
0,0,5.3195574e-05
1,1,0.999551
0,0,4.842653e-05
1,1,0.9998165
1,1,0.999154
1,1,0.99954116
0,0,6.319604e-05
0,0,3.327859e-05
0,0,9.530798e-05
0,0,2.8525637e-05
0,0,7.71645e-05
1,1,0.9995678
0,0,5.065776e-05
0,0,4.7526348e-05
0,0,6.219439e-05
0,0,9.815302e-05
0,0,6.0403265e-05
0,0,3.1898744e-05
0,0,0.000114240844
0,0,5.245221e-05
0,0,6.319604e-05
1,1,0.9994572
0,0,0.0020000527
0,0,9.0167945e-05
0,0,8.6749606e-05
0,0,7.550446e-05
0,0,6.56284e-05
0,0,5.065776e-05
0,0,2.8656432e-05
0,0,6.5785236e-05
0,0,0.00043452403
0,0,4.1504652e-05
0,0,4.6208494e-05
0,0,0.00014543801
0,0,0.00014509533
0,0,4.9915052e-05
0,0,0.00033666255
0,0,0.00013319642
0,0,0.00011766389
0,0,7.369324e-05
0,0,5.2038195e-05
1,1,0.9998498
0,0,0.000105814215
0,0,5.6839086e-05
0,0,7.501357e-05
0,0,5.2038195e-05
0,0,4.200329e-05
0,0,0.0002645532
0,0,0.00025178454
0,0,5.6282835e-05
0,0,5.6282835e-05
0,0,6.844943e-05
1,1,0.999816
0,0,6.803743e-05
0,0,4.2510714e-05
1,1,0.99985075
0,0,5.213068e-05
0,0,4.6084086e-05
0,0,5.049406e-05
0,0,6.803743e-05
0,0,0.0053411736
0,0,7.369324e-05
0,0,6.319604e-05
0,0,7.369324e-05
0,0,5.3551248e-05
0,0,3.1031934e-05
0,0,5.3195574e-05
0,0,5.508486e-05
0,0,5.196317e-05
0,0,6.56284e-05
1,1,0.9995956
0,0,4.9915052e-05
0,0,8.58575e-05
0,0,0.002185904
0,0,6.803743e-05
0,0,6.412754e-05
1,1,0.9998498
0,0,5.493525e-05
0,0,0.000118207405
0,0,4.7526348e-05
1,1,0.99985075
0,0,5.1477204e-05
0,0,5.1477204e-05
0,0,2.9751656e-05
0,0,0.00014854173
1,1,0.999551
0,0,4.6769794e-05
0,0,4.8569953e-05
0,0,5.6282835e-05
0,0,4.257108e-05
0,0,3.6703048e-05
0,0,5.2038195e-05
0,0,0.00012043826
0,0,3.3919492e-05
0,0,3.067325e-05
0,0,5.6282835e-05
0,0,3.6998877e-05
1,1,0.99942017
0,0,0.00032587763
0,0,0.00045095218
0,0,0.00013308697
0,0,5.3195574e-05
0,0,4.9915052e-05
0,0,5.3564065e-05
0,0,7.095875e-05
0,0,0.006511419
0,0,0.00036346845
0,0,0.00012340599
0,0,5.029045e-05
0,0,7.121329e-05
0,0,5.136638e-05
0,0,2.9208433e-05
0,0,7.1772876e-05
0,0,5.3195574e-05
0,0,5.065776e-05
0,0,7.065611e-05
0,0,4.7424026e-05
0,0,0.00010279593
0,0,5.3195574e-05
0,0,7.974309e-05
0,0,5.196317e-05
0,0,0.00010279593
0,0,4.6437097e-05
0,0,6.412754e-05
0,0,5.458282e-05
0,0,0.00040065442
0,0,0.0017541142
0,0,4.687007e-05
0,0,5.2034276e-05
0,0,9.6940166e-05
0,0,7.366043e-05
0,0,7.206119e-05
0,0,4.6084086e-05
0,0,0.0001139044
0,0,7.0593145e-05
0,0,0.00036346845
0,0,4.9915052e-05
0,0,5.196317e-05
0,0,8.011573e-05
1,1,0.9995521
1,1,0.8756517
0,0,5.2038195e-05
0,0,2.9451188e-05
0,0,0.00010237197
0,0,4.7526348e-05
0,0,6.319604e-05
0,0,9.240518e-05
1,1,0.9998498
0,0,0.00011756991
0,0,4.6084086e-05
0,0,0.00043910646
0,0,3.719646e-05
0,0,4.8908223e-05
1,1,0.99900013
